{"x": [0, 1000, 2000, 3000, 4000, 5000, 6000, 7000, 8000, 9000, 10000, 11000, 12000, 13000, 14000, 15000, 16000, 17000, 18000, 19000, 20000, 21000, 22000, 23000, 24000, 25000, 26000, 27000, 28000, 29000, 30000, 31000, 32000, 33000, 34000, 35000, 36000, 37000, 38000, 39000, 40000, 41000, 42000, 43000, 44000, 45000, 46000, 47000, 48000, 49000, 50000, 51000, 52000, 53000, 54000, 55000, 56000, 57000, 58000, 59000, 60000, 61000, 62000, 63000, 64000, 65000, 66000, 67000, 68000, 69000, 70000, 71000, 72000, 73000, 74000, 75000, 76000, 77000, 78000, 79000], "y": [-893.7977905273438, -1089.9365234375, -788.2693481445312, -715.1154174804688, -767.2030639648438, -694.6261596679688, -778.397705078125, -849.3182983398438, -896.7008056640625, -986.3868408203125, -790.9189453125, -736.7554321289062, -820.9700317382812, -856.2401733398438, -817.9646606445312, -872.85498046875, -708.0331420898438, -720.387451171875, -738.9401245117188, -673.06494140625, -715.2021484375, -763.8484497070312, -683.3966674804688, -823.98388671875, -747.6766357421875, -546.3460693359375, -644.2122802734375, -509.7546691894531, -714.8052368164062, -672.2692260742188, -643.8740844726562, -708.6126098632812, -664.58837890625, -663.2216796875, -667.5009155273438, -685.5556640625, -645.0590209960938, -467.3979187011719, -477.7748107910156, -671.64501953125, -649.0595092773438, -718.5829467773438, -619.583984375, -664.4703979492188, -606.1787719726562, -626.49462890625, -673.5817260742188, -594.453857421875, -531.8560180664062, -576.9061279296875, -525.599853515625, -573.0045776367188, -610.3733520507812, -695.545654296875, -545.364501953125, -668.4139404296875, -672.872802734375, -589.3414306640625, -503.65264892578125, -560.4963989257812, -653.627197265625, -560.9774169921875, -548.0579223632812, -460.9548645019531, -401.26141357421875, -381.15789794921875, -498.8310241699219, -488.1104736328125, -423.1639099121094, -500.6943664550781, -574.4844970703125, -486.8785400390625, -495.8543701171875, -584.3236694335938, -562.366455078125, -505.6172790527344, -511.7714538574219, -550.6718139648438, -500.212158203125, -467.7743225097656]}